,gene1,gene2,gene_dis,gene_dis_corr
0,ENSMUSG00000107954,ENSMUSG00000040029,47655354.0,0.6283311516377368
1,ENSMUSG00000030201,ENSMUSG00000001521,6168214.5,0.8006515241225289
2,ENSMUSG00000063063,ENSMUSG00000108137,36295019.0,0.8129823869284408
3,ENSMUSG00000107564,ENSMUSG00000023089,20159026.0,0.7608135493098651
4,ENSMUSG00000107591,ENSMUSG00000059430,16812666.0,0.615986855323983
5,ENSMUSG00000030016,ENSMUSG00000030007,1531665.0,0.8916027485039185
6,ENSMUSG00000107511,ENSMUSG00000086675,71153747.0,0.8206183290157238
7,ENSMUSG00000108233,ENSMUSG00000108217,88048220.5,0.6722725231270016
8,ENSMUSG00000029833,ENSMUSG00000089957,100507795.0,0.6946370367905081
9,ENSMUSG00000029992,ENSMUSG00000004285,57598406.5,0.7288593694681433
10,ENSMUSG00000029836,ENSMUSG00000108152,35397599.0,0.7238439119411164
11,ENSMUSG00000108081,ENSMUSG00000015189,49846330.5,0.6541508126806272
12,ENSMUSG00000042279,ENSMUSG00000029847,80980746.0,0.75308378940469
13,ENSMUSG00000030022,ENSMUSG00000055799,20150279.5,0.7740869448969929
14,ENSMUSG00000097924,ENSMUSG00000030226,77295891.5,0.8705151167588564
15,ENSMUSG00000042505,ENSMUSG00000005069,117406450.0,0.8017635497629885
16,ENSMUSG00000108206,ENSMUSG00000100680,20275912.0,0.6063714466381299
17,ENSMUSG00000045009,ENSMUSG00000038784,78419890.5,0.7103284153775224
18,ENSMUSG00000030166,ENSMUSG00000062995,111208255.5,0.7809762102520243
19,ENSMUSG00000030095,ENSMUSG00000072770,33575395.0,0.7937829876739552
20,ENSMUSG00000030269,ENSMUSG00000037172,72840862.5,0.9012434475109766
21,ENSMUSG00000038301,ENSMUSG00000024211,23852141.5,0.8561204568776929
22,ENSMUSG00000033152,ENSMUSG00000107310,51900456.0,0.7822993874145208
23,ENSMUSG00000030161,ENSMUSG00000025607,98715579.0,0.665937619384577
24,ENSMUSG00000046178,ENSMUSG00000072770,115957746.5,0.716535572162512
25,ENSMUSG00000086239,ENSMUSG00000107512,58307497.0,0.8915196716636581
26,ENSMUSG00000101191,ENSMUSG00000064330,11463328.0,0.6190937113282772
27,ENSMUSG00000059014,ENSMUSG00000082791,76579349.0,0.888255157571714
28,ENSMUSG00000004267,ENSMUSG00000086040,70298177.5,0.6764999184317451
29,ENSMUSG00000107505,ENSMUSG00000029762,94086450.0,0.6492001036710275
30,ENSMUSG00000097635,ENSMUSG00000107989,22024246.0,0.7762441299557986
31,ENSMUSG00000087204,ENSMUSG00000049249,22493619.0,0.7431216855720199
32,ENSMUSG00000042447,ENSMUSG00000068250,140950181.5,0.6614950911940629
33,ENSMUSG00000032718,ENSMUSG00000025609,103163074.5,0.8396292350287651
34,ENSMUSG00000033152,ENSMUSG00000039419,42677016.0,0.8678937862244029
35,ENSMUSG00000107603,ENSMUSG00000029790,26166620.5,0.647017962680277
36,ENSMUSG00000030116,ENSMUSG00000090293,39751782.5,0.7095554188987467
37,ENSMUSG00000106990,ENSMUSG00000029787,28525499.0,0.7494951428272196
38,ENSMUSG00000048668,ENSMUSG00000001521,21449.5,0.6899045773435846
39,ENSMUSG00000046947,ENSMUSG00000080759,13464832.5,0.7361336626866362
40,ENSMUSG00000045100,ENSMUSG00000012535,64977144.5,0.6401667343200375
41,ENSMUSG00000087157,ENSMUSG00000108081,90022893.0,0.7336375102725639
42,ENSMUSG00000083713,ENSMUSG00000057370,5311959.0,0.7467196384786867
43,ENSMUSG00000033788,ENSMUSG00000093661,15536128.0,0.7403091786158729
44,ENSMUSG00000105902,ENSMUSG00000087808,63832311.5,0.6747183847309003
45,ENSMUSG00000030124,ENSMUSG00000063171,23447094.0,0.6355997846244104
46,ENSMUSG00000046679,ENSMUSG00000029863,44182190.5,0.6539807387969792
47,ENSMUSG00000108088,ENSMUSG00000019210,40361956.0,0.9176812888468198
48,ENSMUSG00000029999,ENSMUSG00000037984,30555928.5,0.7459809555734613
49,ENSMUSG00000042992,ENSMUSG00000107706,13713266.5,0.8175562049895497
50,ENSMUSG00000099354,ENSMUSG00000107908,21453816.0,0.8170084970568653
51,ENSMUSG00000032641,ENSMUSG00000030282,7882364.5,0.6493071053363354
52,ENSMUSG00000038346,ENSMUSG00000072704,8084396.5,0.7847814791314627
53,ENSMUSG00000107905,ENSMUSG00000017978,56719173.5,0.6163450305063239
54,ENSMUSG00000057716,ENSMUSG00000089997,47635890.0,0.7576112744494278
55,ENSMUSG00000107497,ENSMUSG00000087231,49277964.5,0.6268831260347423
56,ENSMUSG00000029993,ENSMUSG00000059187,9366327.5,0.8036746671216531
57,ENSMUSG00000030166,ENSMUSG00000107821,69291900.5,0.6544868813517749
58,ENSMUSG00000107850,ENSMUSG00000097356,129741109.0,0.816012499301151
59,ENSMUSG00000030020,ENSMUSG00000079477,4516343.5,0.9573331214313416
60,ENSMUSG00000107703,ENSMUSG00000103951,124140128.5,0.6285135511757133
61,ENSMUSG00000079654,ENSMUSG00000042873,84007329.0,0.9407478307663989
62,ENSMUSG00000076508,ENSMUSG00000084909,80807583.0,0.674199862463242
63,ENSMUSG00000052852,ENSMUSG00000108042,16072434.5,0.7378919959366617
64,ENSMUSG00000024104,ENSMUSG00000054556,99116940.5,0.6967552204857423
65,ENSMUSG00000108591,ENSMUSG00000042447,64217082.5,0.6076696096259684
66,ENSMUSG00000108021,ENSMUSG00000029866,15247998.0,0.6948517022806265
67,ENSMUSG00000030166,ENSMUSG00000063568,66994049.0,0.597376556753045
68,ENSMUSG00000073144,ENSMUSG00000107969,107859803.0,0.6658771678684448
69,ENSMUSG00000038648,ENSMUSG00000030220,99548076.5,0.6552852979382946
70,ENSMUSG00000107455,ENSMUSG00000030268,31989918.0,0.7296577701543571
71,ENSMUSG00000030056,ENSMUSG00000051695,1301127.0,0.8920657131064641
72,ENSMUSG00000079523,ENSMUSG00000068299,12943920.0,0.7931899059894737
73,ENSMUSG00000030317,ENSMUSG00000033933,1619252.5,0.6986622330329597
74,ENSMUSG00000071424,ENSMUSG00000108264,16323391.0,0.9536909063182154
75,ENSMUSG00000099354,ENSMUSG00000107370,1871702.0,0.6611651612113765
76,ENSMUSG00000101823,ENSMUSG00000030359,56399636.5,0.8543445385432173
77,ENSMUSG00000052581,ENSMUSG00000085776,29833756.0,0.7971176830153438
78,ENSMUSG00000043131,ENSMUSG00000030127,41627079.5,0.6583139176867903
79,ENSMUSG00000037788,ENSMUSG00000099354,25985827.5,0.8278939680147338
80,ENSMUSG00000029706,ENSMUSG00000071553,2107185.5,0.9049127910217473
81,ENSMUSG00000041377,ENSMUSG00000090667,21857613.5,0.8668345992704344
82,ENSMUSG00000037140,ENSMUSG00000097763,47417616.0,0.6124740506892871
83,ENSMUSG00000055430,ENSMUSG00000029917,6513473.0,0.8235856271045615
84,ENSMUSG00000030317,ENSMUSG00000030042,32584870.0,0.7121559889587531
85,ENSMUSG00000072878,ENSMUSG00000023964,92440173.0,0.8319737065772432
86,ENSMUSG00000073096,ENSMUSG00000001518,79854428.5,0.9212790796113635
87,ENSMUSG00000000627,ENSMUSG00000030035,194474.5,0.8022194396072723
88,ENSMUSG00000086126,ENSMUSG00000080767,34016859.5,0.6392014832588274
89,ENSMUSG00000053012,ENSMUSG00000030287,75026763.0,0.6425544536725434
90,ENSMUSG00000107442,ENSMUSG00000107920,2558506.5,0.632060531606415
91,ENSMUSG00000086239,ENSMUSG00000097675,6205707.0,0.9135524416179456
92,ENSMUSG00000092323,ENSMUSG00000036667,16294824.0,0.7144529462446539
93,ENSMUSG00000108173,ENSMUSG00000087305,72157453.5,0.6718071121360748
94,ENSMUSG00000033940,ENSMUSG00000059878,3015646.0,0.895984762702487
95,ENSMUSG00000085600,ENSMUSG00000094113,15674183.0,0.9976378551744275
96,ENSMUSG00000062365,ENSMUSG00000041681,15067001.5,0.8231693326052409
97,ENSMUSG00000090685,ENSMUSG00000107414,15834304.0,0.8468738832339205
98,ENSMUSG00000001520,ENSMUSG00000037997,937311.0,0.6498962352291194
99,ENSMUSG00000030086,ENSMUSG00000000811,170359.5,0.7697795365721458
100,ENSMUSG00000107842,ENSMUSG00000107875,37700951.0,0.8471718084622715
101,ENSMUSG00000029869,ENSMUSG00000014747,42152489.5,0.7269338477673195
102,ENSMUSG00000062980,ENSMUSG00000001424,6583990.5,0.8904458328281745
103,ENSMUSG00000000439,ENSMUSG00000097569,42657021.5,0.6080626103299264
104,ENSMUSG00000030127,ENSMUSG00000030103,16298198.5,0.6065653513400674
105,ENSMUSG00000108246,ENSMUSG00000108005,15438245.5,0.9951404448615938
106,ENSMUSG00000054556,ENSMUSG00000082199,131142929.5,0.6381215717659883
107,ENSMUSG00000107405,ENSMUSG00000108297,34908388.0,0.9150373515960633
108,ENSMUSG00000006906,ENSMUSG00000008153,40889717.5,0.8530740381055245
109,ENSMUSG00000071568,ENSMUSG00000072476,57671802.5,0.6614549429203375
110,ENSMUSG00000030187,ENSMUSG00000042770,3934479.5,0.751933370908341
111,ENSMUSG00000008540,ENSMUSG00000029771,108614287.5,0.8839514265132759
112,ENSMUSG00000068341,ENSMUSG00000096403,70394407.5,0.8243093333037023
113,ENSMUSG00000107688,ENSMUSG00000080759,33930699.5,0.6351550174036494
114,ENSMUSG00000107629,ENSMUSG00000030077,18567628.0,0.5958403139352912
115,ENSMUSG00000000058,ENSMUSG00000072660,130172054.0,0.6183661011407823
116,ENSMUSG00000107483,ENSMUSG00000107919,25856995.5,0.9128207083990622
117,ENSMUSG00000029828,ENSMUSG00000033933,63042829.0,0.7126436204309075
118,ENSMUSG00000002413,ENSMUSG00000107908,22644144.5,0.6987384644374764
119,ENSMUSG00000106791,ENSMUSG00000085067,19668455.0,0.9656687525082591
120,ENSMUSG00000052852,ENSMUSG00000107707,5828602.5,0.9529720775943661
121,ENSMUSG00000000416,ENSMUSG00000056698,54141507.0,0.698227968848142
122,ENSMUSG00000030082,ENSMUSG00000107861,45233173.5,0.6365301399951228
123,ENSMUSG00000029859,ENSMUSG00000061838,53230027.0,0.6903444415624035
124,ENSMUSG00000097569,ENSMUSG00000034312,17867145.0,0.7188851373222934
125,ENSMUSG00000056666,ENSMUSG00000055799,104366.0,0.598381258835747
126,ENSMUSG00000102577,ENSMUSG00000085786,56326265.5,0.6321992198602906
127,ENSMUSG00000029684,ENSMUSG00000062519,23215192.0,0.6913131598560089
128,ENSMUSG00000093661,ENSMUSG00000107476,51126368.5,0.6004345690141885
129,ENSMUSG00000009394,ENSMUSG00000051499,67383387.5,0.9383478013830627
130,ENSMUSG00000107639,ENSMUSG00000108141,41929376.0,0.8642175964250126
131,ENSMUSG00000037172,ENSMUSG00000048930,72953199.0,0.8493908216520476
132,ENSMUSG00000082691,ENSMUSG00000051499,87524512.0,0.8163726069127781
133,ENSMUSG00000091438,ENSMUSG00000029569,120576049.5,0.5985307039867631
134,ENSMUSG00000108804,ENSMUSG00000030077,12218285.5,0.7833245672561107
135,ENSMUSG00000057497,ENSMUSG00000071553,55814823.0,0.6623259545753216
136,ENSMUSG00000097569,ENSMUSG00000032827,67920952.5,0.7573964821993968
137,ENSMUSG00000032641,ENSMUSG00000107455,21838744.0,0.85764722958488
138,ENSMUSG00000107736,ENSMUSG00000051956,97614357.0,0.669549879461439
139,ENSMUSG00000101268,ENSMUSG00000107567,94770459.5,0.7596492812879798
140,ENSMUSG00000068299,ENSMUSG00000107428,30729616.0,0.6666213787078332
141,ENSMUSG00000108181,ENSMUSG00000107962,41132425.5,0.8564595373521252
142,ENSMUSG00000035104,ENSMUSG00000029829,43954539.0,0.7317800306555063
143,ENSMUSG00000107880,ENSMUSG00000102623,35871567.5,0.8009885484577663
144,ENSMUSG00000107456,ENSMUSG00000064262,92688415.5,0.5961881343502281
145,ENSMUSG00000092035,ENSMUSG00000086013,140497277.5,0.6295832811488873
146,ENSMUSG00000029686,ENSMUSG00000085813,80449995.5,0.6580085809990684
147,ENSMUSG00000004980,ENSMUSG00000025823,3660627.5,0.795831494373824
148,ENSMUSG00000033933,ENSMUSG00000108217,66839968.5,0.6441738399046935
149,ENSMUSG00000031668,ENSMUSG00000029686,23385111.5,0.8570903512203774
150,ENSMUSG00000008153,ENSMUSG00000107706,23940927.5,0.6939575905684727
151,ENSMUSG00000108276,ENSMUSG00000079511,52209743.5,0.8065764777527937
152,ENSMUSG00000000058,ENSMUSG00000064080,73957347.5,0.7672009256881264
153,ENSMUSG00000108123,ENSMUSG00000039578,16452077.5,0.6914496364314847
154,ENSMUSG00000086239,ENSMUSG00000089961,11201980.0,0.748473430173549
155,ENSMUSG00000067767,ENSMUSG00000104760,52599618.5,0.9876804257307127
156,ENSMUSG00000042213,ENSMUSG00000107909,32535020.0,0.8085461696345317
157,ENSMUSG00000048776,ENSMUSG00000053007,93764319.0,0.6401617876397161
158,ENSMUSG00000103331,ENSMUSG00000038784,4949856.0,0.6749160888790087
159,ENSMUSG00000056755,ENSMUSG00000106990,82893499.0,0.6968009024585505
160,ENSMUSG00000030323,ENSMUSG00000033720,30616849.0,0.7201072252951862
161,ENSMUSG00000071424,ENSMUSG00000040649,58492929.0,0.8884069187633323
162,ENSMUSG00000042087,ENSMUSG00000029923,78521006.5,0.8407973521704587
163,ENSMUSG00000030352,ENSMUSG00000030281,14575211.5,0.7793135995729974
164,ENSMUSG00000030245,ENSMUSG00000072940,56061404.0,0.6759214351210755
165,ENSMUSG00000031668,ENSMUSG00000108268,17166623.0,0.6851819274721175
166,ENSMUSG00000089957,ENSMUSG00000108166,3735768.0,0.6100555858624989
167,ENSMUSG00000056698,ENSMUSG00000042042,45541128.5,0.6751903502391088
168,ENSMUSG00000068263,ENSMUSG00000002413,48079038.5,0.811393841509947
169,ENSMUSG00000102287,ENSMUSG00000108591,32212198.5,0.8858348916312886
170,ENSMUSG00000107431,ENSMUSG00000107996,22371514.5,0.6380488380185554
171,ENSMUSG00000081077,ENSMUSG00000025609,13745459.0,0.6472323290435299
172,ENSMUSG00000088208,ENSMUSG00000093666,67045429.0,0.6169442928325499
173,ENSMUSG00000093105,ENSMUSG00000068250,31237398.5,0.6871738485306732
174,ENSMUSG00000068748,ENSMUSG00000081670,15579979.5,0.8622057741086689
175,ENSMUSG00000005225,ENSMUSG00000030303,93494533.5,0.6421871039639911
176,ENSMUSG00000029553,ENSMUSG00000108169,124578224.5,0.678216938608209
177,ENSMUSG00000107919,ENSMUSG00000107707,25963633.5,0.9124427783079722
178,ENSMUSG00000030096,ENSMUSG00000108181,1333477.5,0.6856765043681932
179,ENSMUSG00000107528,ENSMUSG00000106827,60095836.0,0.9838788331344194
180,ENSMUSG00000030104,ENSMUSG00000071521,67487989.0,0.7389355096024496
181,ENSMUSG00000080760,ENSMUSG00000107779,101927263.0,0.6086237636589477
182,ENSMUSG00000108076,ENSMUSG00000044574,11000047.0,0.6356951524936636
183,ENSMUSG00000061436,ENSMUSG00000046178,29686546.0,0.6359449843155701
184,ENSMUSG00000108080,ENSMUSG00000003452,92687713.5,0.6656514120860862
185,ENSMUSG00000030284,ENSMUSG00000030172,6221161.5,0.9199276260432714
186,ENSMUSG00000072623,ENSMUSG00000079477,30448447.0,0.6972078152291948
187,ENSMUSG00000107821,ENSMUSG00000004285,21151747.5,0.623163926796404
188,ENSMUSG00000034648,ENSMUSG00000029769,78138339.5,0.8045224060876659
189,ENSMUSG00000014747,ENSMUSG00000030313,65279390.5,0.7172841071856526
190,ENSMUSG00000108102,ENSMUSG00000069678,5331598.5,0.7214417370063734
191,ENSMUSG00000107184,ENSMUSG00000108237,102167744.0,0.6187447487259052
192,ENSMUSG00000108246,ENSMUSG00000108137,51749573.5,0.7954218727899189
193,ENSMUSG00000085828,ENSMUSG00000039130,58466360.0,0.6557109319633796
194,ENSMUSG00000030138,ENSMUSG00000038456,78891305.0,0.62550587687214
195,ENSMUSG00000068794,ENSMUSG00000076550,61282995.5,0.6745026933142518
196,ENSMUSG00000062190,ENSMUSG00000000811,31938769.0,0.611707961763149
197,ENSMUSG00000107012,ENSMUSG00000030307,84276768.5,0.7858449348356807
198,ENSMUSG00000044162,ENSMUSG00000076545,3647467.0,0.8243356573817011
199,ENSMUSG00000107634,ENSMUSG00000053977,4376654.5,0.7640747346734825
200,ENSMUSG00000076490,ENSMUSG00000030206,93706789.0,0.6042716916528967
201,ENSMUSG00000038429,ENSMUSG00000107804,21294204.0,0.7434388707453121
202,ENSMUSG00000017978,ENSMUSG00000085412,28557219.5,0.6209034590256025
203,ENSMUSG00000054641,ENSMUSG00000030127,64004798.5,0.6188959001800475
204,ENSMUSG00000034639,ENSMUSG00000030322,7775950.5,0.6716838256233907
205,ENSMUSG00000029763,ENSMUSG00000108310,58265915.5,0.6971384776174472
206,ENSMUSG00000001157,ENSMUSG00000000811,2947183.0,0.6308500039360915
207,ENSMUSG00000057604,ENSMUSG00000043119,69407328.5,0.6165412305199163
208,ENSMUSG00000107927,ENSMUSG00000107947,8499386.0,0.9501388941108465
209,ENSMUSG00000053460,ENSMUSG00000032667,67141209.0,0.759362410171926
210,ENSMUSG00000029843,ENSMUSG00000004267,89476819.0,0.8165330391153662
211,ENSMUSG00000086777,ENSMUSG00000085067,42351637.0,0.7319148378134023
212,ENSMUSG00000029810,ENSMUSG00000032667,43556356.0,0.7854116360331576
213,ENSMUSG00000101191,ENSMUSG00000105902,26407036.5,0.6167219473775982
214,ENSMUSG00000057691,ENSMUSG00000030061,49120164.5,0.8429161652933505
215,ENSMUSG00000004633,ENSMUSG00000107561,34275418.0,0.6242432952404434
216,ENSMUSG00000108080,ENSMUSG00000059187,39586782.0,0.6743675066560082
217,ENSMUSG00000029910,ENSMUSG00000029517,47668353.0,0.6312534602623694
218,ENSMUSG00000007216,ENSMUSG00000107427,52515947.0,0.890240010919228
219,ENSMUSG00000040797,ENSMUSG00000107706,26965309.5,0.7209316273211666
220,ENSMUSG00000067825,ENSMUSG00000107996,40972788.5,0.5994233368113498
221,ENSMUSG00000053297,ENSMUSG00000090256,37108999.0,0.9392063366912901
222,ENSMUSG00000108162,ENSMUSG00000097979,14848812.5,0.7498486935096891
223,ENSMUSG00000032625,ENSMUSG00000037140,27963525.0,0.7152678274343951
224,ENSMUSG00000030166,ENSMUSG00000063063,42482095.0,0.667618183214461
225,ENSMUSG00000054226,ENSMUSG00000108297,27877671.0,0.6520237611316475
226,ENSMUSG00000108305,ENSMUSG00000108042,15912198.5,0.6427780210141693
227,ENSMUSG00000108158,ENSMUSG00000030235,50373551.0,0.6538155165541537
228,ENSMUSG00000030102,ENSMUSG00000098874,90687109.0,0.7579879719452272
229,ENSMUSG00000030337,ENSMUSG00000107721,58496684.5,0.7280264736039184
230,ENSMUSG00000097496,ENSMUSG00000106826,114912092.0,0.9402121075099329
231,ENSMUSG00000029999,ENSMUSG00000107576,727070.5,0.6342326255793161
232,ENSMUSG00000086013,ENSMUSG00000086762,110943932.0,0.6158651157951435
233,ENSMUSG00000044211,ENSMUSG00000107359,8001812.5,0.637804202865155
234,ENSMUSG00000087389,ENSMUSG00000030155,110816863.5,0.7112248836798223
235,ENSMUSG00000031865,ENSMUSG00000107489,31976495.5,0.7126005938478812
236,ENSMUSG00000107701,ENSMUSG00000107728,51653499.0,0.6674373446215411
237,ENSMUSG00000107596,ENSMUSG00000106827,25589300.5,0.911797453307457
238,ENSMUSG00000099354,ENSMUSG00000030209,52181061.5,0.8764703691706504
239,ENSMUSG00000093105,ENSMUSG00000001376,114384574.5,0.6753214936959607
240,ENSMUSG00000097834,ENSMUSG00000029778,45732640.5,0.7845292947482836
241,ENSMUSG00000108256,ENSMUSG00000107969,53796799.5,0.7481296864621955
242,ENSMUSG00000038538,ENSMUSG00000108005,38934971.5,0.7295750675316053
243,ENSMUSG00000101268,ENSMUSG00000099270,9872490.5,0.6790822367420499
244,ENSMUSG00000084613,ENSMUSG00000104501,14530691.0,0.8377168494522896
245,ENSMUSG00000006906,ENSMUSG00000015189,78935873.0,0.8940226255176124
246,ENSMUSG00000000627,ENSMUSG00000097924,21749275.5,0.8923385038951531
247,ENSMUSG00000107145,ENSMUSG00000081113,91355368.5,0.676872643487838
248,ENSMUSG00000071112,ENSMUSG00000107832,10983603.5,0.8819466672223606
249,ENSMUSG00000100166,ENSMUSG00000030344,11726266.0,0.8420700128274589
250,ENSMUSG00000004446,ENSMUSG00000107414,75597636.5,0.7409407792106816
251,ENSMUSG00000085171,ENSMUSG00000107434,100218145.5,0.6237766550461831
252,ENSMUSG00000030138,ENSMUSG00000029569,104807034.0,0.8220904976117837
253,ENSMUSG00000036667,ENSMUSG00000030035,40431256.5,0.957178569214876
254,ENSMUSG00000038390,ENSMUSG00000107643,79665067.0,0.9277522302205304
255,ENSMUSG00000029797,ENSMUSG00000038429,76347512.0,0.807928527430439
256,ENSMUSG00000029669,ENSMUSG00000107638,119187916.5,0.6229635355092749
257,ENSMUSG00000008540,ENSMUSG00000090164,9278427.5,0.6380521401671545
258,ENSMUSG00000079523,ENSMUSG00000107779,27711012.0,0.6426046430227311
259,ENSMUSG00000107521,ENSMUSG00000029867,16508469.0,0.8113712231011918
260,ENSMUSG00000030016,ENSMUSG00000034430,6458161.5,0.9589492403766814
261,ENSMUSG00000029861,ENSMUSG00000056771,85874243.0,0.8786371512578485
262,ENSMUSG00000107840,ENSMUSG00000072770,44736455.5,0.6803847928507312
263,ENSMUSG00000047104,ENSMUSG00000000183,8287879.5,0.6008745016420703
264,ENSMUSG00000068699,ENSMUSG00000012396,93263491.5,0.6452978318677732
265,ENSMUSG00000057696,ENSMUSG00000062751,3084378.5,0.6344386035743754
266,ENSMUSG00000001157,ENSMUSG00000061762,79152219.0,0.6097445256388504
267,ENSMUSG00000045896,ENSMUSG00000029787,27080165.5,0.8325069213296944
268,ENSMUSG00000097979,ENSMUSG00000106936,88374226.5,0.8483860709673648
269,ENSMUSG00000038390,ENSMUSG00000107012,94947385.5,0.7751057919693006
270,ENSMUSG00000005503,ENSMUSG00000019124,2217893.0,0.6447744123687403
271,ENSMUSG00000080759,ENSMUSG00000107511,50560553.5,0.9096876399758732
272,ENSMUSG00000107667,ENSMUSG00000086239,84943016.5,0.6430907306921089
273,ENSMUSG00000051499,ENSMUSG00000030032,35327812.5,0.9431004435595752
274,ENSMUSG00000030047,ENSMUSG00000030036,4378705.0,0.7409203803301613
275,ENSMUSG00000058446,ENSMUSG00000107642,78240334.5,0.6827619979502298
276,ENSMUSG00000098525,ENSMUSG00000085058,21840557.5,0.652989854573145
277,ENSMUSG00000107841,ENSMUSG00000094189,58072223.0,0.6818865887414034
278,ENSMUSG00000056698,ENSMUSG00000030276,40819756.0,0.6311320640944458
279,ENSMUSG00000056926,ENSMUSG00000083794,120327105.5,0.7504066967262167
280,ENSMUSG00000001520,ENSMUSG00000040669,6078715.5,0.6600792167994186
281,ENSMUSG00000107481,ENSMUSG00000043131,34579043.0,0.6078929805020616
282,ENSMUSG00000098767,ENSMUSG00000108254,131206411.0,0.6741998624632418
283,ENSMUSG00000052656,ENSMUSG00000030094,20000209.0,0.6674079946496233
284,ENSMUSG00000029869,ENSMUSG00000033720,43660240.0,0.8732810714191541
285,ENSMUSG00000038390,ENSMUSG00000041477,5662779.0,0.8776305901958139
286,ENSMUSG00000107405,ENSMUSG00000106855,127023791.5,0.9193210748250858
287,ENSMUSG00000097924,ENSMUSG00000107576,25785990.0,0.6298940994618283
288,ENSMUSG00000107528,ENSMUSG00000029868,58311075.0,0.6231400657107045
289,ENSMUSG00000107913,ENSMUSG00000040649,76430100.5,0.804876368957822
290,ENSMUSG00000045896,ENSMUSG00000107370,1815441.5,0.7151062764786074
291,ENSMUSG00000106676,ENSMUSG00000060411,1686167.5,0.6344142124092566
292,ENSMUSG00000108804,ENSMUSG00000004285,61942998.0,0.599057815860152
293,ENSMUSG00000030105,ENSMUSG00000056429,36191472.5,0.7828403861835577
294,ENSMUSG00000087863,ENSMUSG00000107873,123826840.5,0.8428479287960764
295,ENSMUSG00000059430,ENSMUSG00000038507,44422205.5,0.6277433333588179
296,ENSMUSG00000030161,ENSMUSG00000107905,49267482.5,0.9498290228261884
297,ENSMUSG00000086282,ENSMUSG00000107650,102006380.5,0.6045453818735516
298,ENSMUSG00000045896,ENSMUSG00000086675,51365611.0,0.6881056131821146
299,ENSMUSG00000071477,ENSMUSG00000107725,1398762.5,0.7086517365013251
300,ENSMUSG00000108269,ENSMUSG00000072770,24807691.0,0.6409766522524661
301,ENSMUSG00000103108,ENSMUSG00000081023,117098233.5,0.6095322981208632
302,ENSMUSG00000049939,ENSMUSG00000039419,17434996.0,0.9742529496086595
303,ENSMUSG00000046500,ENSMUSG00000068250,52227121.5,0.7513648255270358
304,ENSMUSG00000107667,ENSMUSG00000038665,13722471.0,0.6324811229220881
305,ENSMUSG00000107858,ENSMUSG00000000441,70564725.5,0.674047735164773
306,ENSMUSG00000076461,ENSMUSG00000076467,224680.5,0.9944298944911223
307,ENSMUSG00000107433,ENSMUSG00000030075,57040344.5,0.710119597851512
308,ENSMUSG00000029829,ENSMUSG00000086409,20401629.5,0.6348252444271149
309,ENSMUSG00000029798,ENSMUSG00000029859,15256938.5,0.63638616571735
310,ENSMUSG00000044927,ENSMUSG00000030058,80324.5,0.9040223365034836
311,ENSMUSG00000038028,ENSMUSG00000029838,90334762.0,0.6556451359064696
312,ENSMUSG00000032718,ENSMUSG00000041390,118859432.5,0.8266872821916948
313,ENSMUSG00000090576,ENSMUSG00000030203,26095819.5,0.6970297253168289
314,ENSMUSG00000030279,ENSMUSG00000107310,106097185.5,0.8400916433980189
315,ENSMUSG00000015053,ENSMUSG00000030116,34317106.0,0.6008070729583127
316,ENSMUSG00000107405,ENSMUSG00000030256,2845233.0,0.5967370398157475
317,ENSMUSG00000107479,ENSMUSG00000108264,13844647.0,0.7798339651360744
318,ENSMUSG00000080932,ENSMUSG00000030219,14216024.5,0.7199633261711711
319,ENSMUSG00000103899,ENSMUSG00000056832,9606470.0,0.720841577032262
320,ENSMUSG00000069678,ENSMUSG00000084950,4913815.0,0.8152920181398311
321,ENSMUSG00000107303,ENSMUSG00000107184,19440768.5,0.8837170601137525
322,ENSMUSG00000107751,ENSMUSG00000086922,77739885.0,0.7483391857383412
323,ENSMUSG00000085782,ENSMUSG00000042873,30012283.5,0.9804782870016918
324,ENSMUSG00000030283,ENSMUSG00000044471,111741472.0,0.6631636660599814
325,ENSMUSG00000059187,ENSMUSG00000029819,46559067.5,0.9241707858659648
326,ENSMUSG00000086429,ENSMUSG00000029868,71443866.0,0.6621864334461245
327,ENSMUSG00000038600,ENSMUSG00000055799,34621281.5,0.940307081195944
328,ENSMUSG00000038665,ENSMUSG00000039130,6694399.0,0.637542534874984
329,ENSMUSG00000084947,ENSMUSG00000029869,23186711.0,0.8080030789703289
330,ENSMUSG00000106855,ENSMUSG00000056771,106510878.5,0.7986293761575649
331,ENSMUSG00000043605,ENSMUSG00000051046,73382623.0,0.6741998624632418
332,ENSMUSG00000048794,ENSMUSG00000108077,13034778.5,0.9494099508375177
333,ENSMUSG00000107937,ENSMUSG00000099354,29847190.5,0.7256857429380514
334,ENSMUSG00000107483,ENSMUSG00000029821,27468001.0,0.8303841414812136
335,ENSMUSG00000049939,ENSMUSG00000029999,57488682.0,0.8948770632578068
336,ENSMUSG00000068551,ENSMUSG00000100876,86462773.5,0.6423190318003035
337,ENSMUSG00000108089,ENSMUSG00000048473,126556920.5,0.6023996193665567
338,ENSMUSG00000000628,ENSMUSG00000057841,33057386.5,0.8382606606879538
339,ENSMUSG00000068259,ENSMUSG00000060816,49629417.5,0.6795607860232366
340,ENSMUSG00000030203,ENSMUSG00000090293,51988261.5,0.7171459375028696
341,ENSMUSG00000030067,ENSMUSG00000093661,421923.5,0.6997047473046365
342,ENSMUSG00000030276,ENSMUSG00000061762,105841567.0,0.7856609652860169
343,ENSMUSG00000091313,ENSMUSG00000029924,297483.5,0.7147545115878202
344,ENSMUSG00000087157,ENSMUSG00000030007,59031326.0,0.6327816560092763
345,ENSMUSG00000107832,ENSMUSG00000107971,10519035.5,0.840110619754336
346,ENSMUSG00000029797,ENSMUSG00000069678,34604622.5,0.6601511495720994
347,ENSMUSG00000030102,ENSMUSG00000029863,66108356.0,0.7144085156633797
348,ENSMUSG00000030322,ENSMUSG00000061414,11770759.0,0.6039015266706985
349,ENSMUSG00000107606,ENSMUSG00000030256,99814789.0,0.6543595384321208
350,ENSMUSG00000106878,ENSMUSG00000108219,18460669.5,0.6589844145231794
351,ENSMUSG00000085739,ENSMUSG00000107971,7476715.5,0.7052907525144683
352,ENSMUSG00000097616,ENSMUSG00000030339,111352272.5,0.7388056445426611
353,ENSMUSG00000030145,ENSMUSG00000005069,5964518.0,0.9151225124039475
354,ENSMUSG00000107705,ENSMUSG00000029686,39061303.5,0.9644458240040145
355,ENSMUSG00000038784,ENSMUSG00000030310,79222189.0,0.6733222443964317
356,ENSMUSG00000094672,ENSMUSG00000038115,2027718.0,0.6571794606137842
357,ENSMUSG00000046679,ENSMUSG00000087327,38261265.0,0.808664243498163
358,ENSMUSG00000068299,ENSMUSG00000108137,27823719.5,0.6456757407734814
359,ENSMUSG00000033933,ENSMUSG00000053907,41191617.5,0.8346777073844478
360,ENSMUSG00000107479,ENSMUSG00000030122,58458048.5,0.6261430996766988
361,ENSMUSG00000049112,ENSMUSG00000030092,7803715.0,0.6488802461132877
362,ENSMUSG00000053044,ENSMUSG00000039264,22562483.5,0.6707551629192708
363,ENSMUSG00000108080,ENSMUSG00000108264,23505096.5,0.6448246331839538
364,ENSMUSG00000108138,ENSMUSG00000090256,30882742.0,0.6677223800853582
365,ENSMUSG00000029863,ENSMUSG00000107278,43407324.0,0.7641608080676252
366,ENSMUSG00000045009,ENSMUSG00000033769,28653785.0,0.6679997024130295
367,ENSMUSG00000097354,ENSMUSG00000108141,13765166.0,0.6401288145516151
368,ENSMUSG00000045441,ENSMUSG00000098175,26898630.5,0.6952765057301294
369,ENSMUSG00000107795,ENSMUSG00000115467,24062975.0,0.7397353222730367
370,ENSMUSG00000097253,ENSMUSG00000053907,55921242.0,0.689799235089384
371,ENSMUSG00000086542,ENSMUSG00000107932,26067402.5,0.5967062785027024
372,ENSMUSG00000097675,ENSMUSG00000048930,16160929.5,0.6886857908849925
373,ENSMUSG00000107917,ENSMUSG00000089781,13125656.0,0.6288458425411932
374,ENSMUSG00000001517,ENSMUSG00000042541,121801578.0,0.7894129576146635
375,ENSMUSG00000079343,ENSMUSG00000030092,19952257.0,0.707232919473004
376,ENSMUSG00000034063,ENSMUSG00000005069,32479174.5,0.8381692635245812
377,ENSMUSG00000001158,ENSMUSG00000029569,73085443.0,0.7475824098497856
378,ENSMUSG00000080824,ENSMUSG00000107521,17589014.0,0.6834255500847994
379,ENSMUSG00000029860,ENSMUSG00000002222,29059714.0,0.624787322452676
380,ENSMUSG00000106944,ENSMUSG00000072872,81827573.0,0.6899003210858313
381,ENSMUSG00000029821,ENSMUSG00000062818,39901055.0,0.6610995369096525
382,ENSMUSG00000108591,ENSMUSG00000107534,11523832.0,0.6709450599858391
383,ENSMUSG00000055818,ENSMUSG00000081113,2360932.5,0.6816919057716131
384,ENSMUSG00000030247,ENSMUSG00000037709,83589906.0,0.6563382213744067
385,ENSMUSG00000106858,ENSMUSG00000039419,28263987.0,0.8010382966952612
386,ENSMUSG00000030054,ENSMUSG00000014542,4128555.5,0.9049608766915394
387,ENSMUSG00000107868,ENSMUSG00000106791,36805486.0,0.746993605297377
388,ENSMUSG00000107878,ENSMUSG00000108280,9379126.5,0.7814511454920319
389,ENSMUSG00000030096,ENSMUSG00000019124,37187728.5,0.8186608310768739
390,ENSMUSG00000071112,ENSMUSG00000029763,108805053.5,0.6753561658783549
391,ENSMUSG00000087380,ENSMUSG00000108189,14798894.0,0.6760565634203697
392,ENSMUSG00000029787,ENSMUSG00000025607,25916231.5,0.7117833708995627
393,ENSMUSG00000040669,ENSMUSG00000108152,35454515.0,0.8092962005140849
394,ENSMUSG00000029685,ENSMUSG00000042717,9816028.5,0.8281594517639339
395,ENSMUSG00000051499,ENSMUSG00000030213,88733448.0,0.6456428401117605
396,ENSMUSG00000060416,ENSMUSG00000107365,49972373.5,0.6741998624632419
397,ENSMUSG00000097834,ENSMUSG00000036667,58520310.0,0.8108230114214806
398,ENSMUSG00000071341,ENSMUSG00000030275,57687409.0,0.6757233933415181
399,ENSMUSG00000004263,ENSMUSG00000106791,38742666.5,0.7050270949984392
400,ENSMUSG00000072623,ENSMUSG00000049232,59260183.5,0.8077054594858751
401,ENSMUSG00000108021,ENSMUSG00000067767,66245449.5,0.6486656385334111
402,ENSMUSG00000005225,ENSMUSG00000059486,2167193.5,0.8701895794778214
403,ENSMUSG00000048794,ENSMUSG00000029869,48803142.5,0.8007593588562109
404,ENSMUSG00000036371,ENSMUSG00000091625,10565069.5,0.9475079145153119
405,ENSMUSG00000056429,ENSMUSG00000053119,1049513.0,0.6449231589958705
406,ENSMUSG00000038346,ENSMUSG00000030309,23845857.0,0.7464225411357251
407,ENSMUSG00000108022,ENSMUSG00000057381,11086634.5,0.826961097751401
408,ENSMUSG00000079263,ENSMUSG00000108092,39816058.5,0.655665014305087
409,ENSMUSG00000106855,ENSMUSG00000000439,93928921.0,0.6814518184637826
410,ENSMUSG00000033706,ENSMUSG00000057691,37364718.0,0.8993040315741491
411,ENSMUSG00000030230,ENSMUSG00000099354,56253254.5,0.827790907141873
412,ENSMUSG00000106905,ENSMUSG00000041460,8479045.0,0.8216538340505133
413,ENSMUSG00000038665,ENSMUSG00000107643,8123043.5,0.900079794444331
414,ENSMUSG00000107427,ENSMUSG00000103220,69982318.5,0.6631475899490903
415,ENSMUSG00000001521,ENSMUSG00000059486,71550837.5,0.7753383587591349
416,ENSMUSG00000042505,ENSMUSG00000069678,76079870.5,0.703955622518004
417,ENSMUSG00000030082,ENSMUSG00000030103,20152535.0,0.7190053410440727
418,ENSMUSG00000087305,ENSMUSG00000041671,133854843.0,0.744226276951039
419,ENSMUSG00000032757,ENSMUSG00000004266,120647775.0,0.7313098922224358
420,ENSMUSG00000000627,ENSMUSG00000106905,44847684.5,0.844205926731197
421,ENSMUSG00000030284,ENSMUSG00000015189,108866223.0,0.8989354634183492
422,ENSMUSG00000106855,ENSMUSG00000108055,23847355.0,0.8447524428585226
423,ENSMUSG00000081805,ENSMUSG00000107576,28676113.0,0.6806255860590404
424,ENSMUSG00000107456,ENSMUSG00000089634,55409440.0,0.6322891594729101
425,ENSMUSG00000040552,ENSMUSG00000047115,73472510.5,0.7073110072737332
426,ENSMUSG00000030017,ENSMUSG00000056215,44385829.5,0.6349341867116268
427,ENSMUSG00000097354,ENSMUSG00000059182,77288583.0,0.6162226532082676
428,ENSMUSG00000085828,ENSMUSG00000029821,38618689.0,0.8442717949660064
429,ENSMUSG00000005503,ENSMUSG00000107498,27734064.5,0.7102503466432943
430,ENSMUSG00000107629,ENSMUSG00000108227,2930887.0,0.6448230829272278
431,ENSMUSG00000038301,ENSMUSG00000108033,9217502.5,0.7575586788017359
432,ENSMUSG00000107595,ENSMUSG00000107905,23295322.5,0.9796302196512338
433,ENSMUSG00000107997,ENSMUSG00000007216,80927921.5,0.7613734428845009
434,ENSMUSG00000033788,ENSMUSG00000040234,62512763.0,0.6162636462456396
435,ENSMUSG00000107771,ENSMUSG00000108045,55715501.5,0.8846508951272286
436,ENSMUSG00000040078,ENSMUSG00000107992,43075704.0,0.7053377620449848
437,ENSMUSG00000049232,ENSMUSG00000014748,24561897.5,0.8465594130756592
438,ENSMUSG00000034203,ENSMUSG00000097924,30291307.5,0.6799846910037756
439,ENSMUSG00000046192,ENSMUSG00000058486,10415685.0,0.6049076287141372
440,ENSMUSG00000086720,ENSMUSG00000086409,14599319.0,0.6726080614471109
441,ENSMUSG00000108038,ENSMUSG00000000183,9860096.0,0.6515237213376104
442,ENSMUSG00000059014,ENSMUSG00000084203,23273013.0,0.8546202744274392
443,ENSMUSG00000079343,ENSMUSG00000052581,44215845.0,0.6356448685821176
444,ENSMUSG00000071337,ENSMUSG00000108171,34559359.0,0.6531761892957859
445,ENSMUSG00000030145,ENSMUSG00000033940,4830562.0,0.8993266667193299
446,ENSMUSG00000055818,ENSMUSG00000107012,95007525.5,0.6301146908924081
447,ENSMUSG00000107448,ENSMUSG00000037621,29124494.0,0.7607046555326331
448,ENSMUSG00000072662,ENSMUSG00000107915,25883617.0,0.6004388624378402
449,ENSMUSG00000107950,ENSMUSG00000059187,37377077.5,0.713625291026353
450,ENSMUSG00000100174,ENSMUSG00000084319,13378416.0,0.6488327428791173
451,ENSMUSG00000107962,ENSMUSG00000033706,36183555.5,0.769420331835988
452,ENSMUSG00000053460,ENSMUSG00000029859,30056632.5,0.930401171584044
453,ENSMUSG00000009394,ENSMUSG00000082199,33052897.0,0.8751007892012708
454,ENSMUSG00000042097,ENSMUSG00000045095,23888009.5,0.784364702442611
455,ENSMUSG00000086429,ENSMUSG00000030271,258639.5,0.8240734882434433
456,ENSMUSG00000029833,ENSMUSG00000030224,99824951.5,0.8638760023474261
457,ENSMUSG00000023367,ENSMUSG00000071568,30019189.5,0.6038862581487886
458,ENSMUSG00000107512,ENSMUSG00000030086,12058305.5,0.8457470324210041
459,ENSMUSG00000072623,ENSMUSG00000013736,11694838.0,0.7785256168178831
460,ENSMUSG00000063063,ENSMUSG00000067825,43760584.0,0.726066571322595
461,ENSMUSG00000107642,ENSMUSG00000108128,6223544.0,0.8393399044872719
462,ENSMUSG00000068748,ENSMUSG00000024211,4740939.5,0.8611925517841469
463,ENSMUSG00000095932,ENSMUSG00000107525,26748643.0,0.94865767716633
464,ENSMUSG00000097834,ENSMUSG00000015189,96587258.0,0.7511680136428797
465,ENSMUSG00000107511,ENSMUSG00000107411,11134189.5,0.8205669927199835
466,ENSMUSG00000108143,ENSMUSG00000058700,3511414.5,0.7339303782750657
467,ENSMUSG00000029767,ENSMUSG00000030057,58484271.0,0.8406990743580547
468,ENSMUSG00000107097,ENSMUSG00000061762,13931414.0,0.5994480927094404
469,ENSMUSG00000062818,ENSMUSG00000029787,33389024.5,0.5997393059702684
470,ENSMUSG00000005503,ENSMUSG00000037140,11821903.0,0.794599914443174
471,ENSMUSG00000107472,ENSMUSG00000038600,50266839.5,0.7647796390877641
472,ENSMUSG00000034639,ENSMUSG00000047115,58691944.5,0.6996965515085095
473,ENSMUSG00000038600,ENSMUSG00000034023,75477815.0,0.6100919713046045
474,ENSMUSG00000052337,ENSMUSG00000039629,41916013.0,0.5958547962944499
475,ENSMUSG00000029563,ENSMUSG00000059659,113299356.0,0.6518340592411825
476,ENSMUSG00000030219,ENSMUSG00000092746,67398261.5,0.7081386588089308
477,ENSMUSG00000051499,ENSMUSG00000072770,77231411.5,0.8814660238059983
478,ENSMUSG00000107770,ENSMUSG00000058706,3934440.0,0.7838437717557145
479,ENSMUSG00000030284,ENSMUSG00000099354,29726009.5,0.9027564214244252
480,ENSMUSG00000030064,ENSMUSG00000002413,57787854.0,0.7980817936646376
481,ENSMUSG00000030144,ENSMUSG00000107849,35491876.5,0.6196000815265895
482,ENSMUSG00000038836,ENSMUSG00000072770,90236532.5,0.8931119989661203
483,ENSMUSG00000046717,ENSMUSG00000097569,65702575.0,0.7272018934434638
484,ENSMUSG00000107832,ENSMUSG00000068263,43689593.5,0.6729568920735748
485,ENSMUSG00000093675,ENSMUSG00000068748,16316839.0,0.6610058372556542
486,ENSMUSG00000029775,ENSMUSG00000108103,82519660.0,0.7546197192183551
487,ENSMUSG00000040163,ENSMUSG00000107176,80076843.5,0.7047714087025923
488,ENSMUSG00000107495,ENSMUSG00000107698,40172918.0,0.6173372563147279
489,ENSMUSG00000085828,ENSMUSG00000107810,39342013.0,0.9412390761047881
490,ENSMUSG00000023349,ENSMUSG00000059900,7492661.5,0.668153623260117
491,ENSMUSG00000107944,ENSMUSG00000029821,63191652.0,0.7701163806678014
492,ENSMUSG00000030269,ENSMUSG00000043421,83985650.5,0.7244066660486865
493,ENSMUSG00000030317,ENSMUSG00000030077,11616650.0,0.8115051124798888
494,ENSMUSG00000042097,ENSMUSG00000051499,70042629.0,0.8802798891728026
495,ENSMUSG00000038346,ENSMUSG00000107932,120412805.0,0.8266940792183965
496,ENSMUSG00000037984,ENSMUSG00000107823,47937167.0,0.82017200604405
497,ENSMUSG00000090019,ENSMUSG00000050732,23646538.5,0.6705844741110107
498,ENSMUSG00000107937,ENSMUSG00000056755,2503095.5,0.7395874101437981
499,ENSMUSG00000097569,ENSMUSG00000081670,34411053.0,0.7565856330661922
500,ENSMUSG00000030217,ENSMUSG00000023505,12021468.0,0.7899225729805537
501,ENSMUSG00000098536,ENSMUSG00000057223,40057510.0,0.6064518726053907
502,ENSMUSG00000031668,ENSMUSG00000108227,17118777.5,0.7928564864800313
503,ENSMUSG00000108151,ENSMUSG00000108202,18138346.5,0.6439689909720501
504,ENSMUSG00000029686,ENSMUSG00000025607,16667594.5,0.7203384512095934
505,ENSMUSG00000029552,ENSMUSG00000014554,66408104.5,0.8374815975580479
506,ENSMUSG00000107405,ENSMUSG00000097569,75751892.0,0.742960114961478
507,ENSMUSG00000097716,ENSMUSG00000108128,90782058.5,0.8518864599494642
508,ENSMUSG00000038390,ENSMUSG00000107675,13591580.5,0.6489607625856436
509,ENSMUSG00000042505,ENSMUSG00000106826,14262779.0,0.6825437655017159
510,ENSMUSG00000029832,ENSMUSG00000059486,5341949.5,0.6888595213096406
511,ENSMUSG00000094356,ENSMUSG00000097730,18577261.5,0.8894265903089359
512,ENSMUSG00000040797,ENSMUSG00000056771,6770915.0,0.8595787399940041
513,ENSMUSG00000040078,ENSMUSG00000107560,27767162.0,0.734919222732539
514,ENSMUSG00000107606,ENSMUSG00000002930,9977981.5,0.7496292052255278
515,ENSMUSG00000107608,ENSMUSG00000041791,22124888.5,0.7015954842947478
516,ENSMUSG00000076462,ENSMUSG00000109556,41756758.5,0.6389307594852014
517,ENSMUSG00000098715,ENSMUSG00000041390,32974210.5,0.7544670584139859
518,ENSMUSG00000098501,ENSMUSG00000049553,64641166.5,0.6292571258954328
519,ENSMUSG00000107868,ENSMUSG00000107230,36830579.0,0.8033399398716907
520,ENSMUSG00000107499,ENSMUSG00000029999,3130473.5,0.810462274538481
521,ENSMUSG00000037997,ENSMUSG00000019124,72936719.5,0.9634529203158619
522,ENSMUSG00000108171,ENSMUSG00000030275,22221593.0,0.7178582248054348
523,ENSMUSG00000030126,ENSMUSG00000034312,25283662.0,0.8956793581194297
524,ENSMUSG00000106976,ENSMUSG00000108129,86150608.0,0.6475864916550469
525,ENSMUSG00000108123,ENSMUSG00000081670,6785328.5,0.866406125039586
526,ENSMUSG00000059689,ENSMUSG00000004633,63672886.0,0.7867557900652958
527,ENSMUSG00000029671,ENSMUSG00000104501,50457139.0,0.6570002975797095
528,ENSMUSG00000108063,ENSMUSG00000107967,48834336.0,0.665095432871001
529,ENSMUSG00000000416,ENSMUSG00000058446,36414547.5,0.7655928801140052
530,ENSMUSG00000030220,ENSMUSG00000030008,51483387.0,0.616121318048084
531,ENSMUSG00000107832,ENSMUSG00000089890,123073886.0,0.640675133657077
532,ENSMUSG00000106944,ENSMUSG00000035357,82833301.0,0.7472053148382138
533,ENSMUSG00000058446,ENSMUSG00000052850,14363439.0,0.8566663388418739
534,ENSMUSG00000041460,ENSMUSG00000108057,41970111.0,0.7986786886902594
535,ENSMUSG00000106819,ENSMUSG00000030172,100826028.0,0.6800794576710675
536,ENSMUSG00000029810,ENSMUSG00000038507,9735277.5,0.8185076037696795
537,ENSMUSG00000072653,ENSMUSG00000030224,89793963.0,0.6846409911590694
538,ENSMUSG00000108008,ENSMUSG00000034430,45084686.0,0.6829934660813295
539,ENSMUSG00000086863,ENSMUSG00000052730,96594938.0,0.9686686218774357
540,ENSMUSG00000086542,ENSMUSG00000093661,68967848.0,0.7141033689727636
541,ENSMUSG00000000627,ENSMUSG00000072704,50182077.0,0.7217239251283303
542,ENSMUSG00000079263,ENSMUSG00000055003,22668680.0,0.786396744145733
543,ENSMUSG00000023505,ENSMUSG00000030199,9321305.0,0.6376069974794827
544,ENSMUSG00000004980,ENSMUSG00000036371,15802543.0,0.8046348300663602
545,ENSMUSG00000107795,ENSMUSG00000041460,28500281.0,0.6027455737824867
546,ENSMUSG00000057841,ENSMUSG00000030204,19210568.0,0.7954623978005626
547,ENSMUSG00000097434,ENSMUSG00000107832,83287889.0,0.866022178614926
548,ENSMUSG00000051124,ENSMUSG00000049553,23269372.5,0.6180628279287287
549,ENSMUSG00000108080,ENSMUSG00000029763,23186862.0,0.7607299473240547
550,ENSMUSG00000035104,ENSMUSG00000030206,53178767.5,0.6562856124465468
551,ENSMUSG00000107846,ENSMUSG00000079494,27858880.5,0.6544810913045811
552,ENSMUSG00000087204,ENSMUSG00000107222,142060092.0,0.8469312559805909
553,ENSMUSG00000108802,ENSMUSG00000030126,44313976.5,0.7243994036787994
554,ENSMUSG00000029797,ENSMUSG00000030269,64784878.0,0.7887778115719206
555,ENSMUSG00000038074,ENSMUSG00000030335,70606579.0,0.6270060521919438
556,ENSMUSG00000030042,ENSMUSG00000108035,65700720.0,0.8623625480946734
557,ENSMUSG00000059689,ENSMUSG00000038065,63150830.5,0.7210980993345397
558,ENSMUSG00000055874,ENSMUSG00000108195,16180998.0,0.8068177178000118
559,ENSMUSG00000038346,ENSMUSG00000059878,8397000.0,0.9054873331611897
560,ENSMUSG00000108185,ENSMUSG00000001376,93899661.5,0.6842518510647906
561,ENSMUSG00000107433,ENSMUSG00000108594,26475986.0,0.9182577137192912
562,ENSMUSG00000040370,ENSMUSG00000061838,49618132.0,0.6773871461907062
563,ENSMUSG00000107495,ENSMUSG00000061436,89907150.5,0.6832771087783082
564,ENSMUSG00000072878,ENSMUSG00000059689,21678198.0,0.5994069624240549
565,ENSMUSG00000107595,ENSMUSG00000087083,10462934.0,0.8621632512867592
566,ENSMUSG00000107947,ENSMUSG00000086675,45088504.5,0.9262499451419894
567,ENSMUSG00000030365,ENSMUSG00000060032,7916281.5,0.6213719662507201
568,ENSMUSG00000107868,ENSMUSG00000107512,45381260.0,0.6471006037905315
569,ENSMUSG00000107233,ENSMUSG00000107412,78797570.5,0.7297938842885525
570,ENSMUSG00000023191,ENSMUSG00000033769,40005420.5,0.701125121580487
571,ENSMUSG00000029829,ENSMUSG00000086834,3381227.0,0.6550369093344217
572,ENSMUSG00000055818,ENSMUSG00000107759,12510101.5,0.7803520069955457
573,ENSMUSG00000107595,ENSMUSG00000097484,63359314.5,0.8957002558268781
574,ENSMUSG00000097385,ENSMUSG00000034312,85878165.5,0.663644436568944
575,ENSMUSG00000030124,ENSMUSG00000052852,53148897.5,0.6339663996603905
576,ENSMUSG00000107779,ENSMUSG00000108063,10442537.0,0.7886393478727016
577,ENSMUSG00000080932,ENSMUSG00000030036,39581524.0,0.6692919289772903
578,ENSMUSG00000107377,ENSMUSG00000038065,27250216.5,0.7509857955989065
579,ENSMUSG00000107720,ENSMUSG00000097996,8210890.5,0.7022512861425936
580,ENSMUSG00000038058,ENSMUSG00000108067,46378491.5,0.8720932128389222
581,ENSMUSG00000039070,ENSMUSG00000108200,115368117.0,0.6398645558355376
582,ENSMUSG00000107680,ENSMUSG00000103220,58380873.5,0.6566683088339459
583,ENSMUSG00000106858,ENSMUSG00000086855,13460588.0,0.7878995061844742
584,ENSMUSG00000000439,ENSMUSG00000029916,75251296.0,0.9686909183303322
585,ENSMUSG00000045009,ENSMUSG00000107706,34890830.0,0.7413493290948672
586,ENSMUSG00000101451,ENSMUSG00000057497,34181334.5,0.6472259724818953
587,ENSMUSG00000060032,ENSMUSG00000049093,69351765.5,0.7997047954014602
588,ENSMUSG00000030303,ENSMUSG00000030154,19063326.0,0.6501099632518701
589,ENSMUSG00000108802,ENSMUSG00000080242,33985754.0,0.6081619007167473
590,ENSMUSG00000037997,ENSMUSG00000107512,50039457.0,0.9012865143193903
591,ENSMUSG00000108059,ENSMUSG00000052852,14833381.5,0.67930219745803
592,ENSMUSG00000106905,ENSMUSG00000104030,96663638.0,0.6089959202273983
593,ENSMUSG00000038665,ENSMUSG00000081670,1471085.5,0.8823777076561741
594,ENSMUSG00000024211,ENSMUSG00000108057,49619207.0,0.8801708542800768
595,ENSMUSG00000030232,ENSMUSG00000057841,24843441.5,0.603004051490047
596,ENSMUSG00000103788,ENSMUSG00000039215,7294878.5,0.9827190381718242
597,ENSMUSG00000048216,ENSMUSG00000039130,16541504.0,0.6580292046216423
598,ENSMUSG00000064080,ENSMUSG00000029788,60621120.0,0.644055801178295
599,ENSMUSG00000046733,ENSMUSG00000029569,121480786.5,0.8930930661442834
600,ENSMUSG00000000416,ENSMUSG00000030347,108517304.0,0.8037927962468645
601,ENSMUSG00000005893,ENSMUSG00000092323,33148973.0,0.7739352086320603
602,ENSMUSG00000030059,ENSMUSG00000029838,60403485.0,0.8603070436756052
603,ENSMUSG00000107489,ENSMUSG00000030235,26387758.5,0.7108614531250299
604,ENSMUSG00000047735,ENSMUSG00000032667,1895386.5,0.6637395431261963
605,ENSMUSG00000030064,ENSMUSG00000029918,57645808.0,0.6534389127760807
606,ENSMUSG00000040078,ENSMUSG00000059659,42626799.5,0.682067632094478
607,ENSMUSG00000030284,ENSMUSG00000033706,28049108.0,0.7642115486158922
608,ENSMUSG00000107672,ENSMUSG00000029847,15780408.5,0.9330913833351123
609,ENSMUSG00000107624,ENSMUSG00000097175,82409668.0,0.8135539533059065
610,ENSMUSG00000107851,ENSMUSG00000032827,4112633.0,0.6389021931119538
611,ENSMUSG00000107455,ENSMUSG00000068250,36127838.0,0.8060713145282692
612,ENSMUSG00000029778,ENSMUSG00000086013,89774474.5,0.7910917922086733
613,ENSMUSG00000102287,ENSMUSG00000106944,21797180.0,0.8158576098523815
614,ENSMUSG00000069678,ENSMUSG00000097763,4832289.0,0.7230675247334455
615,ENSMUSG00000029848,ENSMUSG00000030157,94253821.0,0.6634851971133984
616,ENSMUSG00000030321,ENSMUSG00000029769,86412919.0,0.802045031820545
617,ENSMUSG00000085696,ENSMUSG00000038253,8024.0,0.9198496633587031
618,ENSMUSG00000038115,ENSMUSG00000107989,25072402.0,0.6006144767101486
619,ENSMUSG00000088118,ENSMUSG00000108057,68884847.0,0.6359398376220311
620,ENSMUSG00000030161,ENSMUSG00000097763,41626102.0,0.6097932607055249
621,ENSMUSG00000030249,ENSMUSG00000045725,88317070.5,0.9350481826683841
622,ENSMUSG00000107432,ENSMUSG00000107176,22007384.0,0.6452785027986849
623,ENSMUSG00000068794,ENSMUSG00000080205,46082369.0,0.7729350008478594
624,ENSMUSG00000029798,ENSMUSG00000051124,8945194.5,0.7730526299487658
625,ENSMUSG00000030016,ENSMUSG00000032827,78894040.5,0.9287210798163855
626,ENSMUSG00000086777,ENSMUSG00000107707,70439221.5,0.6468341978505957
627,ENSMUSG00000098988,ENSMUSG00000043505,31046880.0,0.614314885173516
628,ENSMUSG00000108233,ENSMUSG00000029708,106413807.5,0.6899437150150863
629,ENSMUSG00000068748,ENSMUSG00000082829,126108962.0,0.6494295404697247
630,ENSMUSG00000030047,ENSMUSG00000042042,30627394.0,0.7607838674709848
631,ENSMUSG00000103331,ENSMUSG00000086643,105030390.0,0.8397075169012521
632,ENSMUSG00000000440,ENSMUSG00000030341,9930248.0,0.8303830267521101
633,ENSMUSG00000068011,ENSMUSG00000030325,13195790.0,0.8443325787601009
634,ENSMUSG00000030104,ENSMUSG00000108024,4846125.0,0.7082267396085555
635,ENSMUSG00000030173,ENSMUSG00000053977,58532023.0,0.6771353667808651
636,ENSMUSG00000030043,ENSMUSG00000108594,10677699.5,0.7716537222145414
637,ENSMUSG00000085782,ENSMUSG00000033706,2269758.5,0.6649698629296219
638,ENSMUSG00000108244,ENSMUSG00000108195,35120003.0,0.6275964478138378
639,ENSMUSG00000004263,ENSMUSG00000029757,118872695.0,0.7346592363008356
640,ENSMUSG00000033735,ENSMUSG00000071506,42870714.0,0.8799709360848339
641,ENSMUSG00000106858,ENSMUSG00000107566,96833948.0,0.6514454002552155
642,ENSMUSG00000052852,ENSMUSG00000029916,31398168.5,0.770473610716401
643,ENSMUSG00000030337,ENSMUSG00000047013,39744473.5,0.7949004869950279
644,ENSMUSG00000107483,ENSMUSG00000034430,12692115.0,0.7019037526755653
645,ENSMUSG00000031668,ENSMUSG00000108143,16458926.0,0.6504595728732788
646,ENSMUSG00000097354,ENSMUSG00000108089,112985636.0,0.7033362285264487
647,ENSMUSG00000047420,ENSMUSG00000107865,51934524.5,0.6172569016242642
648,ENSMUSG00000000628,ENSMUSG00000029767,53387150.0,0.8971142555520836
649,ENSMUSG00000038836,ENSMUSG00000100876,100079589.0,0.8071845767772273
650,ENSMUSG00000038346,ENSMUSG00000038784,89945613.0,0.8238837101668359
651,ENSMUSG00000029993,ENSMUSG00000005893,5113993.5,0.8087857614558637
652,ENSMUSG00000071424,ENSMUSG00000063455,25791508.0,0.8429621207618715
653,ENSMUSG00000084947,ENSMUSG00000082199,129835066.5,0.7043102698244219
654,ENSMUSG00000055430,ENSMUSG00000107377,31463633.5,0.7884445817466366
655,ENSMUSG00000052852,ENSMUSG00000037172,31340380.5,0.654756582805641
656,ENSMUSG00000087441,ENSMUSG00000081872,18854705.0,0.8330316432775868
657,ENSMUSG00000083713,ENSMUSG00000030247,19349025.5,0.7355649343760238
658,ENSMUSG00000030172,ENSMUSG00000030035,36589180.0,0.9267305157720859
659,ENSMUSG00000097569,ENSMUSG00000108077,4426118.0,0.7153871256837057
660,ENSMUSG00000108238,ENSMUSG00000085058,94550033.0,0.6748341542897024
661,ENSMUSG00000029832,ENSMUSG00000031668,19429161.0,0.8150162712805817
662,ENSMUSG00000108055,ENSMUSG00000097569,27424544.5,0.7651391377174726
663,ENSMUSG00000108146,ENSMUSG00000030209,90737722.0,0.8951670634100498
664,ENSMUSG00000029847,ENSMUSG00000042460,27106576.5,0.6517714243898227
665,ENSMUSG00000029910,ENSMUSG00000033542,23263854.0,0.7896053146422952
666,ENSMUSG00000080242,ENSMUSG00000107759,99625137.0,0.6289927005374434
667,ENSMUSG00000055818,ENSMUSG00000107944,11503326.5,0.6657817932589303
668,ENSMUSG00000041372,ENSMUSG00000030216,16572127.5,0.6985344502707873
669,ENSMUSG00000029798,ENSMUSG00000019577,52132986.0,0.6824251124354422
670,ENSMUSG00000044211,ENSMUSG00000107501,60601101.5,0.8274483252071877
671,ENSMUSG00000108526,ENSMUSG00000008153,32737364.0,0.5982125169546125
672,ENSMUSG00000035357,ENSMUSG00000034832,17853024.5,0.8911069705765392
673,ENSMUSG00000107431,ENSMUSG00000098536,5684888.5,0.6735547195605985
674,ENSMUSG00000038759,ENSMUSG00000090891,51896363.0,0.660671317137488
675,ENSMUSG00000108242,ENSMUSG00000014747,20512425.5,0.8720402805805638
676,ENSMUSG00000030075,ENSMUSG00000060780,25117638.0,0.8030367310294779
677,ENSMUSG00000106962,ENSMUSG00000030042,44824779.0,0.6781995772898536
678,ENSMUSG00000030068,ENSMUSG00000013736,7313656.5,0.7357545751005141
679,ENSMUSG00000086863,ENSMUSG00000107881,139966580.5,0.6873852983708537
680,ENSMUSG00000108008,ENSMUSG00000030347,81656159.5,0.861437663233484
681,ENSMUSG00000087083,ENSMUSG00000108081,59560099.5,0.6041471234793212
682,ENSMUSG00000107685,ENSMUSG00000107624,12617515.0,0.6569804511528353
683,ENSMUSG00000097834,ENSMUSG00000030007,15749360.5,0.7748896203363879
684,ENSMUSG00000033216,ENSMUSG00000030357,40082269.5,0.8930451955364339
685,ENSMUSG00000030208,ENSMUSG00000049232,76162407.5,0.6129438123525051
686,ENSMUSG00000090019,ENSMUSG00000032718,85879423.0,0.9511592997007341
687,ENSMUSG00000087356,ENSMUSG00000082829,114910089.0,0.6203597247591395
688,ENSMUSG00000106791,ENSMUSG00000029916,45645900.5,0.6703821931848624
689,ENSMUSG00000029517,ENSMUSG00000108122,81788749.0,0.6526467312707402
690,ENSMUSG00000029682,ENSMUSG00000030149,104820975.5,0.8852191776250634
691,ENSMUSG00000095526,ENSMUSG00000106755,78659879.5,0.8359358473912334
692,ENSMUSG00000080921,ENSMUSG00000081196,106367110.0,0.6882916577423184
693,ENSMUSG00000097133,ENSMUSG00000107427,29166132.0,0.6249426574883209
694,ENSMUSG00000091983,ENSMUSG00000108119,47825602.5,0.7204393911844359
695,ENSMUSG00000107233,ENSMUSG00000098567,14503194.5,0.6422300368885462
696,ENSMUSG00000029671,ENSMUSG00000085012,91024332.0,0.647980348536037
697,ENSMUSG00000030074,ENSMUSG00000084157,31298.5,0.7336218106957704
698,ENSMUSG00000071424,ENSMUSG00000045441,4593339.5,0.6425807145767022
699,ENSMUSG00000099244,ENSMUSG00000107865,69556907.5,0.8476081870731021
700,ENSMUSG00000052337,ENSMUSG00000107728,62752098.0,0.6029608934438698
701,ENSMUSG00000079299,ENSMUSG00000107996,48495984.0,0.8777560274000415
702,ENSMUSG00000107599,ENSMUSG00000033508,3636559.0,0.7397063682534799
703,ENSMUSG00000038346,ENSMUSG00000033216,36671571.0,0.752178074633564
704,ENSMUSG00000107495,ENSMUSG00000065343,98548464.0,0.6858074497647323
705,ENSMUSG00000039958,ENSMUSG00000045160,65790868.5,0.7351548961266173
706,ENSMUSG00000107947,ENSMUSG00000041671,64812991.0,0.6049601362531474
707,ENSMUSG00000108080,ENSMUSG00000007216,8185749.0,0.7507539137227288
708,ENSMUSG00000107761,ENSMUSG00000107965,174126.5,0.6070786221046393
709,ENSMUSG00000052419,ENSMUSG00000040552,108982023.0,0.7822897773384374
710,ENSMUSG00000108233,ENSMUSG00000108189,88758276.5,0.636906652427128
711,ENSMUSG00000107706,ENSMUSG00000029924,109032391.0,0.631049791365091
712,ENSMUSG00000037788,ENSMUSG00000097496,78397879.5,0.9373594766388604
713,ENSMUSG00000030120,ENSMUSG00000029686,77444543.5,0.7048807668069749
714,ENSMUSG00000107499,ENSMUSG00000059187,13280178.5,0.894314546611252
715,ENSMUSG00000089061,ENSMUSG00000107442,377093.0,0.853509498072084
716,ENSMUSG00000067714,ENSMUSG00000029680,100317200.5,0.7124919490959806
717,ENSMUSG00000072952,ENSMUSG00000083620,72260877.0,0.6283810565284953
718,ENSMUSG00000107509,ENSMUSG00000104222,31343693.5,0.6457597817967916
719,ENSMUSG00000030068,ENSMUSG00000029924,60105916.5,0.6709064920465768
720,ENSMUSG00000034430,ENSMUSG00000030067,8837538.5,0.6081296359980116
721,ENSMUSG00000042129,ENSMUSG00000030075,14285602.0,0.7271447729236221
722,ENSMUSG00000106944,ENSMUSG00000029757,12553613.0,0.9626031667012942
723,ENSMUSG00000107886,ENSMUSG00000032827,40380026.5,0.7147389110257913
724,ENSMUSG00000025609,ENSMUSG00000087136,50593744.0,0.602814089886676
725,ENSMUSG00000107278,ENSMUSG00000033634,186219.5,0.6759162914161693
726,ENSMUSG00000030327,ENSMUSG00000108221,33680301.5,0.5962744329285985
727,ENSMUSG00000038429,ENSMUSG00000108137,11096564.5,0.7877824846202721
728,ENSMUSG00000030134,ENSMUSG00000030126,1945443.5,0.7628052339105971
729,ENSMUSG00000030245,ENSMUSG00000030298,28661137.0,0.9374339380562873
730,ENSMUSG00000033735,ENSMUSG00000052736,44520121.5,0.6031063335552975
731,ENSMUSG00000042992,ENSMUSG00000106791,48668481.0,0.9593056256529308
732,ENSMUSG00000107570,ENSMUSG00000108049,1357891.5,0.7009127498867183
733,ENSMUSG00000097943,ENSMUSG00000107549,86966218.0,0.681369434249274
734,ENSMUSG00000107379,ENSMUSG00000041791,12917454.5,0.7010027478609583
735,ENSMUSG00000086777,ENSMUSG00000023964,144301762.5,0.8296317256759841
736,ENSMUSG00000060416,ENSMUSG00000079304,39166599.0,0.7800469689323032
737,ENSMUSG00000025823,ENSMUSG00000030254,64853482.5,0.8357140805609806
738,ENSMUSG00000091313,ENSMUSG00000107961,47081569.5,0.8224006816948186
739,ENSMUSG00000001518,ENSMUSG00000068263,40673799.0,0.8227696342210011
740,ENSMUSG00000030271,ENSMUSG00000053119,41767817.0,0.6335263410998128
741,ENSMUSG00000062190,ENSMUSG00000068748,34756780.5,0.9035068052430054
742,ENSMUSG00000100164,ENSMUSG00000030120,38085392.5,0.9655741589469385
743,ENSMUSG00000003154,ENSMUSG00000055430,63926485.5,0.5999544297654229
744,ENSMUSG00000076490,ENSMUSG00000106822,23820004.0,0.7663883234526924
745,ENSMUSG00000030336,ENSMUSG00000098525,107539374.0,0.7188974371469424
746,ENSMUSG00000029840,ENSMUSG00000037997,91946153.5,0.8813585246382521
747,ENSMUSG00000079598,ENSMUSG00000108005,38742393.0,0.8441842234170299
748,ENSMUSG00000108591,ENSMUSG00000045009,41057954.5,0.9333842173395671
749,ENSMUSG00000005892,ENSMUSG00000057103,6330435.0,0.661366929566783
750,ENSMUSG00000106936,ENSMUSG00000058119,1566306.5,0.7511558339295877
751,ENSMUSG00000046733,ENSMUSG00000097616,121117224.5,0.5964446366448459
752,ENSMUSG00000042389,ENSMUSG00000108526,23851322.5,0.7560491805676893
753,ENSMUSG00000090576,ENSMUSG00000108219,186762.0,0.6571298011469262
754,ENSMUSG00000076500,ENSMUSG00000098470,81493925.0,0.8470048771417311
755,ENSMUSG00000107927,ENSMUSG00000008153,38406837.0,0.9268583138417159
756,ENSMUSG00000030309,ENSMUSG00000029571,135789850.5,0.7824147390728559
757,ENSMUSG00000033216,ENSMUSG00000029772,58511776.0,0.639692748691203
758,ENSMUSG00000068302,ENSMUSG00000081077,67714067.5,0.6980354491106594
759,ENSMUSG00000039159,ENSMUSG00000059187,66127262.0,0.7000413901183248
760,ENSMUSG00000059410,ENSMUSG00000098175,46624728.5,0.7762274619183412
761,ENSMUSG00000061210,ENSMUSG00000085786,85728872.5,0.7625483730671401
762,ENSMUSG00000029755,ENSMUSG00000098326,8384.5,0.68411987649407
763,ENSMUSG00000071112,ENSMUSG00000002413,102752235.5,0.7281324370953763
764,ENSMUSG00000030327,ENSMUSG00000079511,39775929.5,0.9433070496529224
765,ENSMUSG00000054556,ENSMUSG00000029817,32135557.0,0.7218935093965667
766,ENSMUSG00000085600,ENSMUSG00000090346,90214933.0,0.9976378551744275
767,ENSMUSG00000030230,ENSMUSG00000108227,52021907.5,0.800478864977732
768,ENSMUSG00000034269,ENSMUSG00000091625,56412513.5,0.78326471497085
769,ENSMUSG00000108283,ENSMUSG00000097525,72411530.5,0.7610000398887901
770,ENSMUSG00000055430,ENSMUSG00000072683,83917708.0,0.7962141049260387
771,ENSMUSG00000029761,ENSMUSG00000030281,78790297.0,0.8973581795461091
772,ENSMUSG00000106976,ENSMUSG00000030125,85649022.0,0.716321052137973
773,ENSMUSG00000107431,ENSMUSG00000030134,60204543.0,0.6539233448114651
774,ENSMUSG00000030317,ENSMUSG00000001518,13170139.0,0.7341878337456588
775,ENSMUSG00000030344,ENSMUSG00000108057,49539347.5,0.780151386127864
776,ENSMUSG00000040552,ENSMUSG00000030341,2504273.5,0.7714174565122377
777,ENSMUSG00000108171,ENSMUSG00000029787,64239765.5,0.7176574527847934
778,ENSMUSG00000108244,ENSMUSG00000092394,13863267.5,0.6590831133853914
779,ENSMUSG00000033152,ENSMUSG00000001521,39479705.0,0.6264846514281223
780,ENSMUSG00000079523,ENSMUSG00000029817,23704069.0,0.8295762247743754
781,ENSMUSG00000030269,ENSMUSG00000040649,9213411.0,0.8113355235785459
782,ENSMUSG00000055093,ENSMUSG00000036402,55498265.5,0.6702009173844494
783,ENSMUSG00000030102,ENSMUSG00000004980,56916689.5,0.8019084382542913
784,ENSMUSG00000076498,ENSMUSG00000097175,35217431.0,0.662973327327563
785,ENSMUSG00000030236,ENSMUSG00000034783,57983546.0,0.9305225180333401
786,ENSMUSG00000107359,ENSMUSG00000106853,2656807.5,0.6477478820024252
787,ENSMUSG00000042389,ENSMUSG00000038301,64004356.0,0.6736226273701675
788,ENSMUSG00000037997,ENSMUSG00000100876,7428984.0,0.8688556657442064
789,ENSMUSG00000079304,ENSMUSG00000107667,77584726.0,0.6145158808449184
790,ENSMUSG00000086527,ENSMUSG00000072999,48591420.0,0.6727659750188911
791,ENSMUSG00000006906,ENSMUSG00000038301,32000680.0,0.8878650023115823
792,ENSMUSG00000005225,ENSMUSG00000040669,67708671.0,0.9469565168767513
793,ENSMUSG00000107879,ENSMUSG00000107948,117201154.5,0.6506586966585078
794,ENSMUSG00000063455,ENSMUSG00000107570,51157260.0,0.6632375478142496
795,ENSMUSG00000108276,ENSMUSG00000055003,15992572.0,0.9129714738365093
796,ENSMUSG00000089862,ENSMUSG00000002413,31304971.0,0.7064576884114447
797,ENSMUSG00000030315,ENSMUSG00000029790,84241708.0,0.7826383326457674
798,ENSMUSG00000108244,ENSMUSG00000076327,76075178.0,0.6610392890327512
799,ENSMUSG00000059689,ENSMUSG00000029763,84232036.0,0.935300389790116
800,ENSMUSG00000107405,ENSMUSG00000030344,21843430.5,0.7810152892023827
801,ENSMUSG00000108077,ENSMUSG00000030035,5738942.0,0.7367870564643635
802,ENSMUSG00000107798,ENSMUSG00000107886,42437436.5,0.7323313588041755
803,ENSMUSG00000073144,ENSMUSG00000086542,8455287.5,0.6482563377532446
804,ENSMUSG00000107927,ENSMUSG00000034744,2241350.5,0.6860157368381239
805,ENSMUSG00000029917,ENSMUSG00000042873,47762109.5,0.9120263638452238
806,ENSMUSG00000094973,ENSMUSG00000044248,46392637.5,0.9328651862921776
807,ENSMUSG00000034245,ENSMUSG00000030035,8045377.0,0.726269584390199
808,ENSMUSG00000030216,ENSMUSG00000053119,65257740.5,0.681663467869405
809,ENSMUSG00000039419,ENSMUSG00000107707,31405953.0,0.9744349822274775
810,ENSMUSG00000040669,ENSMUSG00000017978,98778049.0,0.8548141065034023
811,ENSMUSG00000001521,ENSMUSG00000087327,3621304.0,0.823032817738073
812,ENSMUSG00000034744,ENSMUSG00000030209,52143872.0,0.7395604390702055
813,ENSMUSG00000087277,ENSMUSG00000108484,61756431.5,0.6542816534941046
814,ENSMUSG00000107230,ENSMUSG00000107571,39931498.0,0.8415782995540435
815,ENSMUSG00000082289,ENSMUSG00000107749,53121192.5,0.6277578544586274
816,ENSMUSG00000108048,ENSMUSG00000051046,100720489.0,0.9999999999999999
817,ENSMUSG00000005225,ENSMUSG00000040102,92481603.5,0.6901253526768051
818,ENSMUSG00000083916,ENSMUSG00000107434,18962226.0,0.6283810565284952
819,ENSMUSG00000097486,ENSMUSG00000107840,34811195.0,0.8039784004603849
820,ENSMUSG00000107604,ENSMUSG00000042742,34196121.0,0.6725795559793375
821,ENSMUSG00000030008,ENSMUSG00000055799,12741574.0,0.7413184241637403
822,ENSMUSG00000107580,ENSMUSG00000049168,77742990.5,0.6266656397197803
823,ENSMUSG00000029804,ENSMUSG00000108079,28854624.5,0.6279045297239365
824,ENSMUSG00000072952,ENSMUSG00000104408,44107496.0,0.6283810565284953
825,ENSMUSG00000019210,ENSMUSG00000051262,35059415.5,0.9072932408931961
826,ENSMUSG00000030048,ENSMUSG00000105781,17279958.0,0.7072812145033698
827,ENSMUSG00000038665,ENSMUSG00000108166,97617477.5,0.6306485248945577
828,ENSMUSG00000030230,ENSMUSG00000086212,108632736.0,0.8927916601792014
829,ENSMUSG00000042873,ENSMUSG00000092448,2538902.5,0.8712986642893804
830,ENSMUSG00000030145,ENSMUSG00000030276,5039500.0,0.886638129891819
831,ENSMUSG00000090256,ENSMUSG00000030030,2579551.0,0.5982916172309424
832,ENSMUSG00000029676,ENSMUSG00000053470,45834489.5,0.6594815635960137
833,ENSMUSG00000030058,ENSMUSG00000001518,40516483.0,0.9146128396360532
834,ENSMUSG00000005362,ENSMUSG00000030313,42254736.5,0.7286037992123746
835,ENSMUSG00000108102,ENSMUSG00000107377,50305242.5,0.8171513009881332
836,ENSMUSG00000095526,ENSMUSG00000106936,8695197.5,0.7973280106713239
837,ENSMUSG00000030138,ENSMUSG00000108288,36415182.0,0.6484923234877146
838,ENSMUSG00000108310,ENSMUSG00000107823,11739262.0,0.9262607623496951
839,ENSMUSG00000034269,ENSMUSG00000103108,82941390.5,0.6303885368523366
840,ENSMUSG00000030317,ENSMUSG00000046178,106148317.0,0.8842709213601894
841,ENSMUSG00000054556,ENSMUSG00000090063,10272531.0,0.6722793482985494
842,ENSMUSG00000107454,ENSMUSG00000108035,101875018.5,0.7667554166385556
843,ENSMUSG00000071341,ENSMUSG00000079598,46840389.0,0.8166231708057734
844,ENSMUSG00000049232,ENSMUSG00000030304,88985275.0,0.745250367404853
845,ENSMUSG00000098130,ENSMUSG00000108010,4372736.0,0.8229586487703707
846,ENSMUSG00000090685,ENSMUSG00000037997,97998099.5,0.7272742258851378
847,ENSMUSG00000039578,ENSMUSG00000072770,63274883.5,0.953409602822327
848,ENSMUSG00000072623,ENSMUSG00000064293,12282150.0,0.631467598723256
849,ENSMUSG00000030257,ENSMUSG00000046717,25825198.0,0.7684467186250263
850,ENSMUSG00000037159,ENSMUSG00000107667,10342623.5,0.6502708609496815
851,ENSMUSG00000107698,ENSMUSG00000030084,819957.0,0.7098866144906654
852,ENSMUSG00000042505,ENSMUSG00000108181,83388590.5,0.8128247622420888
853,ENSMUSG00000058446,ENSMUSG00000059187,41529968.0,0.6363594810479432
854,ENSMUSG00000090685,ENSMUSG00000039419,16709334.0,0.7087005331502435
855,ENSMUSG00000079598,ENSMUSG00000104222,79045639.0,0.7519362101798267
856,ENSMUSG00000033706,ENSMUSG00000030032,2286333.0,0.8270498193023694
857,ENSMUSG00000106819,ENSMUSG00000057716,21179852.0,0.8216025593941753
858,ENSMUSG00000107486,ENSMUSG00000107634,25940005.5,0.7057278139603778
859,ENSMUSG00000046192,ENSMUSG00000057716,15583339.5,0.6115272107495996
860,ENSMUSG00000042087,ENSMUSG00000107728,16699673.5,0.6925724561949453
861,ENSMUSG00000108080,ENSMUSG00000029920,8280928.0,0.7371153752385349
862,ENSMUSG00000103899,ENSMUSG00000085171,11594136.5,0.6040994896964045
863,ENSMUSG00000056698,ENSMUSG00000005362,34207971.5,0.6495956651660393
864,ENSMUSG00000102373,ENSMUSG00000107935,966230.5,0.8693469125154046
865,ENSMUSG00000107515,ENSMUSG00000024211,18197982.0,0.7891980531577265
866,ENSMUSG00000107553,ENSMUSG00000108242,75348032.0,0.8241081831495708
867,ENSMUSG00000053604,ENSMUSG00000071517,29334795.5,0.7171469977895544
868,ENSMUSG00000030059,ENSMUSG00000029772,67325899.0,0.6961420123469134
869,ENSMUSG00000071477,ENSMUSG00000040102,99065529.0,0.7022788038688595
870,ENSMUSG00000054435,ENSMUSG00000097656,9001236.5,0.6579265002644785
871,ENSMUSG00000099662,ENSMUSG00000108052,25577496.5,0.7503661694487066
872,ENSMUSG00000083620,ENSMUSG00000076587,57478280.5,0.9976852445382508
873,ENSMUSG00000092035,ENSMUSG00000046178,4344820.0,0.6117213693448506
874,ENSMUSG00000030047,ENSMUSG00000029859,45130024.5,0.9139273727803477
875,ENSMUSG00000046500,ENSMUSG00000108197,10257682.5,0.7624209514092121
876,ENSMUSG00000039958,ENSMUSG00000030203,14391463.5,0.6998458353946312
877,ENSMUSG00000030127,ENSMUSG00000035245,27832372.5,0.7378499881068098
878,ENSMUSG00000030286,ENSMUSG00000030045,31561358.5,0.6549510879457436
879,ENSMUSG00000034245,ENSMUSG00000030268,53869331.0,0.922501456271185
880,ENSMUSG00000030302,ENSMUSG00000099354,30130911.5,0.870109677560514
881,ENSMUSG00000101268,ENSMUSG00000040552,80475706.5,0.6522240730421225
882,ENSMUSG00000046733,ENSMUSG00000025608,103533445.5,0.6659591028746871
883,ENSMUSG00000107706,ENSMUSG00000040627,25829624.5,0.6674239432913794
884,ENSMUSG00000030284,ENSMUSG00000106826,92226049.5,0.8667611469134094
885,ENSMUSG00000030020,ENSMUSG00000072704,40569372.5,0.9739674128487815
886,ENSMUSG00000082691,ENSMUSG00000029708,106927338.0,0.7403081516525079
887,ENSMUSG00000029992,ENSMUSG00000108122,13594179.5,0.7966184562795291
888,ENSMUSG00000115026,ENSMUSG00000072623,79263295.5,0.639109207996031
889,ENSMUSG00000030265,ENSMUSG00000039578,83451874.5,0.7151606977205068
890,ENSMUSG00000024104,ENSMUSG00000061762,108675005.5,0.6773424642915983
891,ENSMUSG00000062190,ENSMUSG00000106944,39290537.5,0.8753035336799503
892,ENSMUSG00000107794,ENSMUSG00000107481,43252662.0,0.7439922145717088
893,ENSMUSG00000048206,ENSMUSG00000079516,9856073.5,0.8089388431013419
894,ENSMUSG00000045095,ENSMUSG00000029571,80900172.0,0.5957491050957482
895,ENSMUSG00000000182,ENSMUSG00000108128,12241931.5,0.6132165111158232
896,ENSMUSG00000030230,ENSMUSG00000055003,20692615.5,0.9089431448882194
897,ENSMUSG00000056643,ENSMUSG00000029915,49736409.5,0.7899433474082339
898,ENSMUSG00000030074,ENSMUSG00000093820,22755133.5,0.6174531225564469
899,ENSMUSG00000107230,ENSMUSG00000056755,25124631.0,0.9198522268309776
900,ENSMUSG00000108060,ENSMUSG00000030158,75382334.0,0.6144701869269058
901,ENSMUSG00000085828,ENSMUSG00000097525,38260318.0,0.862144669237753
902,ENSMUSG00000029672,ENSMUSG00000081113,104950904.5,0.6208465902373993
903,ENSMUSG00000107997,ENSMUSG00000089862,121181187.5,0.9170464314469892
904,ENSMUSG00000056698,ENSMUSG00000025607,41759993.5,0.8577458975958088
905,ENSMUSG00000051343,ENSMUSG00000034312,5467588.5,0.8004193862961364
906,ENSMUSG00000108081,ENSMUSG00000089862,46109048.5,0.774307216473202
907,ENSMUSG00000107451,ENSMUSG00000051499,42654009.5,0.709721703119407
908,ENSMUSG00000107501,ENSMUSG00000068262,21360323.5,0.954378161068239
909,ENSMUSG00000108146,ENSMUSG00000057381,87641992.5,0.618903822677437
910,ENSMUSG00000048636,ENSMUSG00000107222,89497030.5,0.6653563719810947
911,ENSMUSG00000029552,ENSMUSG00000038236,35132684.0,0.6728082725214968
912,ENSMUSG00000056737,ENSMUSG00000107865,14700242.0,0.7790945775727841
913,ENSMUSG00000061210,ENSMUSG00000107702,93282759.5,0.7691599477793337
914,ENSMUSG00000084157,ENSMUSG00000085077,46969782.5,0.7616707887421491
915,ENSMUSG00000052751,ENSMUSG00000107495,80095945.5,0.615994409847121
916,ENSMUSG00000098130,ENSMUSG00000030030,9402600.5,0.6083758576620898
917,ENSMUSG00000000627,ENSMUSG00000097569,9970585.5,0.7226422802842907
918,ENSMUSG00000108070,ENSMUSG00000015189,40514279.0,0.6093303159546232
919,ENSMUSG00000046717,ENSMUSG00000014747,54892331.5,0.8052464155840624
920,ENSMUSG00000108276,ENSMUSG00000054226,49394447.0,0.653799906784559
921,ENSMUSG00000108089,ENSMUSG00000030200,118179594.5,0.6968110910185512
922,ENSMUSG00000012535,ENSMUSG00000108122,71086344.0,0.8153459092369832
923,ENSMUSG00000034744,ENSMUSG00000014747,34015.0,0.7624011262600935
924,ENSMUSG00000029993,ENSMUSG00000029916,46657881.5,0.8979983435957678
925,ENSMUSG00000030173,ENSMUSG00000053044,58578182.0,0.6955999094442168
926,ENSMUSG00000063415,ENSMUSG00000081670,46038472.5,0.6406727387421075
927,ENSMUSG00000033720,ENSMUSG00000030276,28128688.0,0.8359389991011632
928,ENSMUSG00000049939,ENSMUSG00000038065,25945948.5,0.9497882186774992
929,ENSMUSG00000108052,ENSMUSG00000082791,52668960.0,0.7928225802815159
930,ENSMUSG00000029911,ENSMUSG00000104501,32272487.5,0.6300310399484909
931,ENSMUSG00000029735,ENSMUSG00000043932,86229123.0,0.6185225017900137
932,ENSMUSG00000081805,ENSMUSG00000005892,23395299.0,0.6819604766337254
933,ENSMUSG00000084203,ENSMUSG00000107420,126998539.5,0.8546202744274393
934,ENSMUSG00000093560,ENSMUSG00000068396,13033125.0,0.842466441593574
935,ENSMUSG00000029708,ENSMUSG00000059187,67962935.5,0.784971703829862
936,ENSMUSG00000108282,ENSMUSG00000108267,8774955.0,0.669624957338909
937,ENSMUSG00000030323,ENSMUSG00000053119,44326881.5,0.7057813346808032
938,ENSMUSG00000030030,ENSMUSG00000047976,43483716.0,0.6674884276517791
939,ENSMUSG00000029781,ENSMUSG00000055799,15852107.5,0.9427203771433899
940,ENSMUSG00000083620,ENSMUSG00000087356,21305188.5,0.6503173787561112
941,ENSMUSG00000108059,ENSMUSG00000086777,61434442.5,0.6072571762445268
942,ENSMUSG00000037788,ENSMUSG00000057230,29149887.0,0.7168452347257527
943,ENSMUSG00000082199,ENSMUSG00000108042,60429781.0,0.6373261383648918
944,ENSMUSG00000107715,ENSMUSG00000099270,77447868.0,0.6111098041646424
945,ENSMUSG00000108286,ENSMUSG00000081196,58699883.0,0.8316618763164839
946,ENSMUSG00000084947,ENSMUSG00000042097,99441411.0,0.8300742217156893
947,ENSMUSG00000108233,ENSMUSG00000032652,8494.5,0.8911351727082949
948,ENSMUSG00000100166,ENSMUSG00000108171,17611798.0,0.7975622071722873
949,ENSMUSG00000029638,ENSMUSG00000030246,133945529.0,0.6001653497205067
950,ENSMUSG00000085412,ENSMUSG00000002797,2879448.5,0.7990880171273456
951,ENSMUSG00000108234,ENSMUSG00000106736,123059051.0,0.7746549369534456
952,ENSMUSG00000029851,ENSMUSG00000108122,58027566.0,0.619191464717398
953,ENSMUSG00000108118,ENSMUSG00000108119,2699310.5,0.7466977302897455
954,ENSMUSG00000107577,ENSMUSG00000097406,76390513.0,0.6088384268456081
955,ENSMUSG00000051331,ENSMUSG00000085414,27062530.0,0.7909078239047579
956,ENSMUSG00000030315,ENSMUSG00000053907,42479132.5,0.7191608402609948
957,ENSMUSG00000065034,ENSMUSG00000089997,44923569.0,0.6058532422666276
958,ENSMUSG00000029776,ENSMUSG00000030341,72762614.5,0.7267117696298538
959,ENSMUSG00000030350,ENSMUSG00000107886,82314926.0,0.9010672407333079
960,ENSMUSG00000097434,ENSMUSG00000107422,35511117.0,0.8529796742528308
961,ENSMUSG00000004263,ENSMUSG00000087231,57690907.5,0.7056840286048494
962,ENSMUSG00000107481,ENSMUSG00000033542,5478402.0,0.700273385111736
963,ENSMUSG00000009394,ENSMUSG00000089862,106849075.0,0.9655942304870617
964,ENSMUSG00000097834,ENSMUSG00000007827,17322412.0,0.6572725594852747
965,ENSMUSG00000051499,ENSMUSG00000108042,40006503.5,0.8351127216564813
966,ENSMUSG00000107851,ENSMUSG00000106791,76859945.5,0.7713262001955588
967,ENSMUSG00000062980,ENSMUSG00000107946,106721704.5,0.6917628593191445
968,ENSMUSG00000039958,ENSMUSG00000109556,66341084.0,0.6069501012905621
969,ENSMUSG00000106885,ENSMUSG00000071517,22125884.0,0.7354038052692012
970,ENSMUSG00000063455,ENSMUSG00000037172,2230163.5,0.8273300842106504
971,ENSMUSG00000032667,ENSMUSG00000053063,124072696.0,0.6091255554811067
972,ENSMUSG00000029836,ENSMUSG00000004535,1263222.5,0.68081732372692
973,ENSMUSG00000030105,ENSMUSG00000072872,8546163.5,0.7876129680413388
974,ENSMUSG00000108020,ENSMUSG00000030019,1983493.0,0.606986967915797
975,ENSMUSG00000068299,ENSMUSG00000045896,2083396.5,0.6095373913634116
976,ENSMUSG00000048636,ENSMUSG00000044162,27252149.5,0.648966453838568
977,ENSMUSG00000029913,ENSMUSG00000107610,7037441.5,0.6510573443699418
978,ENSMUSG00000012535,ENSMUSG00000030060,58349925.0,0.8705709267591524
979,ENSMUSG00000086777,ENSMUSG00000108297,34228214.0,0.6618957504610165
980,ENSMUSG00000100174,ENSMUSG00000012483,78242104.5,0.6861199454218284
981,ENSMUSG00000001520,ENSMUSG00000053907,55971683.0,0.6593958840877301
982,ENSMUSG00000068259,ENSMUSG00000029861,1771367.0,0.747116615228183
983,ENSMUSG00000031668,ENSMUSG00000030086,18614519.0,0.673887969132335
984,ENSMUSG00000030200,ENSMUSG00000030340,9084726.0,0.7639026396103117
985,ENSMUSG00000107515,ENSMUSG00000081670,7358942.0,0.7908841452842308
986,ENSMUSG00000037159,ENSMUSG00000029701,11308659.5,0.6214927056600833
987,ENSMUSG00000108022,ENSMUSG00000107525,58434451.5,0.907172134143096
988,ENSMUSG00000097834,ENSMUSG00000024211,73504206.5,0.775738174823369
989,ENSMUSG00000030068,ENSMUSG00000107278,13781070.0,0.7574943303066946
990,ENSMUSG00000030353,ENSMUSG00000107965,3004696.0,0.6839825531916219
991,ENSMUSG00000033706,ENSMUSG00000079426,27945069.5,0.890494430223194
992,ENSMUSG00000062980,ENSMUSG00000004655,33221333.5,0.5996461117951972
993,ENSMUSG00000086239,ENSMUSG00000051046,19181167.5,0.748473430173549
994,ENSMUSG00000044927,ENSMUSG00000072653,40031487.0,0.7148449140291021
995,ENSMUSG00000107780,ENSMUSG00000107946,41520916.0,0.6593456074343929
996,ENSMUSG00000051343,ENSMUSG00000030172,34354683.5,0.6933939272875196
997,ENSMUSG00000107089,ENSMUSG00000107725,10449884.0,0.6436327145013826
998,ENSMUSG00000038301,ENSMUSG00000039159,21299376.0,0.8352286253720055
999,ENSMUSG00000033420,ENSMUSG00000029913,21376838.0,0.8487157788734648
